Filename,strcat,malloc,cody,skip
image_1463849599.jpg,Y,,,
image_1463849652.jpg,Y,,,
image_1463849668.jpg,Y,,,
image_1463849754.jpg,Y,Y,,
image_1463849969.jpg,,Y,,
image_1463850031.jpg,,Y,,
image_1463850093.jpg,,Y,,
image_1463850156.jpg,,Y,,
image_1463850218.jpg,,Y,,
image_1463850280.jpg,,,,Y
image_1463850342.jpg,,Y,,
image_1463850404.jpg,,Y,Y,
image_1463851026.jpg,,,Y,
image_1463851275.jpg,Y,Y,,
image_1463851337.jpg,Y,Y,,
image_1463851399.jpg,Y,Y,,
image_1463851461.jpg,Y,,,
image_1463851523.jpg,Y,,,
image_1463851585.jpg,Y,,,
image_1463851647.jpg,Y,,,
image_1463852020.jpg,,,Y,
image_1463852083.jpg,Y,,,
image_1463852145.jpg,Y,,,
image_1463852207.jpg,Y,,,
image_1463852269.jpg,Y,,,
image_1463958400.jpg,,,Y,
image_1463958462.jpg,,,Y,
image_1463959582.jpg,,,,Y
image_1463960333.jpg,,,,Y
image_1463960706.jpg,Y,,,
image_1463960768.jpg,Y,,,
image_1463960830.jpg,Y,,,
image_1463962384.jpg,,,Y,
image_1463964250.jpg,,,Y,
image_1463964312.jpg,,,Y,
image_1463964499.jpg,,,Y,
image_1463965182.jpg,,,,Y
image_1463966244.jpg,,,,Y
image_1463966369.jpg,,,,Y
image_1463968939.jpg,,,,Y
image_1463969191.jpg,,,Y,
image_1463970135.jpg,Y,,,
image_1463970198.jpg,Y,Y,,
image_1463970261.jpg,Y,Y,,
image_1463970324.jpg,Y,Y,,
image_1463970387.jpg,,Y,,
image_1463970613.jpg,Y,,,
image_1463970642.jpg,Y,,,
image_1463970706.jpg,Y,,,
image_1463970769.jpg,Y,,,
image_1463970832.jpg,Y,,,
image_1463970895.jpg,Y,,,
image_1463979565.jpg,Y,,,
image_1463979954.jpg,,,Y,
image_1463980017.jpg,,,Y,
image_1463980080.jpg,,,Y,
image_1463980143.jpg,,,Y,
image_1463980205.jpg,,,Y,
image_1464002681.jpg,Y,,,
image_1464003059.jpg,Y,,,
image_1464003122.jpg,Y,,,
image_1464003373.jpg,Y,,,
image_1464003436.jpg,Y,,,
image_1464003499.jpg,Y,,,
image_1464003751.jpg,Y,,,
image_1464003814.jpg,Y,,,
image_1464004443.jpg,,Y,,
image_1464004506.jpg,,Y,,
image_1464004568.jpg,,Y,,
image_1464004631.jpg,,Y,,
image_1464006641.jpg,Y,,,
image_1464006704.jpg,Y,,,
image_1464007202.jpg,,,,Y
image_1464007264.jpg,Y,,,
image_1464007762.jpg,,,Y,
image_1464008197.jpg,,,Y,
image_1464008259.jpg,,,Y,
image_1464008321.jpg,Y,,,
image_1464008384.jpg,Y,,,
image_1464008446.jpg,Y,,,
image_1464008757.jpg,,,,Y
image_1464008819.jpg,Y,,,
image_1464012239.jpg,,Y,,
image_1464012301.jpg,,Y,,
image_1464012363.jpg,,Y,,
image_1464012923.jpg,,,,Y
image_1464012985.jpg,,,,Y
image_1464014539.jpg,Y,,,
image_1464015348.jpg,Y,,,
image_1464016467.jpg,Y,,,
image_1464016529.jpg,Y,,,
image_1464016591.jpg,Y,,Y,
image_1464016653.jpg,Y,,,
image_1464016715.jpg,,,,Y
image_1464016777.jpg,Y,,,
image_1464016840.jpg,Y,,,
image_1464016902.jpg,Y,,,
image_1464016964.jpg,Y,,,
image_1464017026.jpg,,,Y,
image_1464017275.jpg,Y,,,
image_1464017337.jpg,Y,,,
image_1464017399.jpg,Y,,,
image_1464017461.jpg,Y,,,
image_1464017523.jpg,Y,,,
image_1464017586.jpg,,,,Y
image_1464017711.jpg,Y,,,
image_1464021565.jpg,,Y,,
image_1464021627.jpg,,Y,,
image_1464021689.jpg,,Y,,
image_1464021751.jpg,,Y,,
image_1464021813.jpg,,Y,,
image_1464021875.jpg,,Y,,
image_1464021938.jpg,,Y,,
image_1464022000.jpg,,Y,,
image_1464022062.jpg,,Y,,
image_1464022124.jpg,,Y,,
image_1464022186.jpg,,Y,,
image_1464024672.jpg,,,Y,
image_1464024796.jpg,,,Y,
image_1464024921.jpg,Y,,,
image_1464024983.jpg,Y,,,
image_1464025045.jpg,Y,,,
image_1464025107.jpg,Y,,,
image_1464025169.jpg,Y,,,
image_1464025231.jpg,Y,,,
image_1464025294.jpg,Y,,,
image_1464025356.jpg,Y,,,
image_1464025418.jpg,Y,,,
image_1464025480.jpg,Y,,,
image_1464025542.jpg,Y,,,
image_1464026599.jpg,Y,,,
image_1464026910.jpg,Y,,,
image_1464026972.jpg,Y,,,
image_1464028900.jpg,Y,,,
image_1464028962.jpg,Y,,,
image_1464030205.jpg,Y,,,
image_1464030267.jpg,Y,,,
image_1464030329.jpg,Y,,,
image_1464030392.jpg,Y,,,
image_1464030454.jpg,Y,,,
image_1464039283.jpg,Y,,,
image_1464039345.jpg,Y,,,
image_1464039407.jpg,Y,,,
image_1464039594.jpg,Y,,,
image_1464039656.jpg,Y,,,
image_1464039718.jpg,Y,,,
image_1464039780.jpg,Y,,,
image_1464039842.jpg,Y,,,
image_1464041147.jpg,Y,,,
image_1464041209.jpg,Y,,,
image_1464041272.jpg,Y,,,
image_1464041334.jpg,Y,,,
image_1464041396.jpg,Y,,,
image_1464041458.jpg,Y,,,
image_1464055650.jpg,Y,,,
image_1464055713.jpg,Y,,,
image_1464055776.jpg,Y,,,
image_1464058356.jpg,Y,,,
image_1464058419.jpg,Y,,,
image_1464059551.jpg,,Y,,
image_1464059614.jpg,,Y,,
image_1464059677.jpg,,Y,,
image_1464059866.jpg,Y,,,
image_1464059929.jpg,Y,,,
image_1464060936.jpg,Y,,,
image_1464061314.jpg,Y,,,
image_1464061377.jpg,Y,,,
image_1464061439.jpg,Y,,,
image_1464061502.jpg,Y,,,
image_1464061565.jpg,Y,,,
image_1464061628.jpg,Y,,,
image_1464061691.jpg,Y,,,
image_1464061754.jpg,Y,,,
image_1464062131.jpg,Y,,,
image_1464062194.jpg,Y,,,
image_1464062257.jpg,Y,,,
image_1464062635.jpg,,Y,,
image_1464062698.jpg,,Y,,